{
  "UP(단타+급등)": {
    "count": 3635,
    "return_median": 10.55,
    "return_p75": 15.715,
    "return_p90": 23.265999999999995,
    "days_median": 1.0,
    "days_p75": 2.0
  },
  "MAT(스윙+재료)": {
    "count": 1718,
    "return_median": 14.155000000000001,
    "return_p75": 22.6575,
    "return_p90": 33.047,
    "days_median": 3.0,
    "days_p75": 5.0
  }
}